assembly_id	genome_name	DpdA1	DpdA2	FolE	QueD	QueE	QueC	QueF
GCF_000920815.1	Enterobacteria phage 9g	YP_009032326.1		YP_009032327.1	YP_009032328.1	YP_009032331.1	YP_009032329.1	YP_009032327.1
GCF_000904495.1	Cellulophaga phage phiSM	YP_007675729.1		YP_007675734.1	YP_007675726.1		YP_007675727.1	YP_007675734.1,YP_007675731.1
GCF_000893335.1	Streptococcus phage Dp-1	YP_004306895.1			YP_004306891.1		YP_004306890.1	YP_004306893.1,YP_004306889.1
GCF_000842345.1	Mycobacterium phage Rosebush	NP_817763.1			NP_817765.1		NP_817764.1	NP_817767.1
